<?xml version="1.0" encoding="UTF-8" ?>
<XMLDB PATH="mod/simplecertificate/db" VERSION="20200915" COMMENT="XMLDB file for Moodle mod/simplecertificate"
    xmlns:xsi="http://www.w3.org/2001/XMLSchema-instance"
    xsi:noNamespaceSchemaLocation="../../../lib/xmldb/xmldb.xsd"
>
  <TABLES>
    <TABLE NAME="simplecertificate" COMMENT="Simple Certificate">
      <FIELDS>
        <FIELD NAME="id" TYPE="int" LENGTH="10" NOTNULL="true" SEQUENCE="true"/>
        <FIELD NAME="course" TYPE="int" LENGTH="10" NOTNULL="true" DEFAULT="0" SEQUENCE="false"/>
        <FIELD NAME="name" TYPE="char" LENGTH="255" NOTNULL="true" SEQUENCE="false"/>
        <FIELD NAME="intro" TYPE="text" NOTNULL="true" SEQUENCE="false"/>
        <FIELD NAME="introformat" TYPE="int" LENGTH="4" NOTNULL="false" DEFAULT="0" SEQUENCE="false"/>
        <FIELD NAME="timecreated" TYPE="int" LENGTH="10" NOTNULL="true" DEFAULT="0" SEQUENCE="false"/>
        <FIELD NAME="timemodified" TYPE="int" LENGTH="10" NOTNULL="false" DEFAULT="0" SEQUENCE="false"/>
        <FIELD NAME="width" TYPE="int" LENGTH="4" NOTNULL="true" DEFAULT="297" SEQUENCE="false"/>
        <FIELD NAME="height" TYPE="int" LENGTH="4" NOTNULL="true" DEFAULT="210" SEQUENCE="false"/>
        <FIELD NAME="certificateimage" TYPE="text" NOTNULL="false" SEQUENCE="false"/>
        <FIELD NAME="certificatetext" TYPE="text" NOTNULL="true" SEQUENCE="false"/>
        <FIELD NAME="certificatetextformat" TYPE="text" NOTNULL="true" SEQUENCE="false"/>
        <FIELD NAME="certificatetextx" TYPE="int" LENGTH="4" NOTNULL="true" DEFAULT="10" SEQUENCE="false"/>
        <FIELD NAME="certificatetexty" TYPE="int" LENGTH="4" NOTNULL="true" DEFAULT="50" SEQUENCE="false"/>
        <FIELD NAME="coursename" TYPE="char" LENGTH="255" NOTNULL="true" SEQUENCE="false"/>
        <FIELD NAME="outcome" TYPE="int" LENGTH="10" NOTNULL="true" DEFAULT="0" SEQUENCE="false"/>
        <FIELD NAME="certdate" TYPE="int" LENGTH="10" NOTNULL="true" DEFAULT="-2" SEQUENCE="false"/>
        <FIELD NAME="certdatefmt" TYPE="char" LENGTH="255" NOTNULL="true" SEQUENCE="false"/>
        <FIELD NAME="certgrade" TYPE="int" LENGTH="10" NOTNULL="true" DEFAULT="0" SEQUENCE="false"/>
        <FIELD NAME="gradefmt" TYPE="int" LENGTH="10" NOTNULL="true" DEFAULT="0" SEQUENCE="false"/>
        <FIELD NAME="emailfrom" TYPE="char" LENGTH="255" NOTNULL="true" SEQUENCE="false"/>
        <FIELD NAME="emailothers" TYPE="text" NOTNULL="false" SEQUENCE="false"/>
        <FIELD NAME="emailteachers" TYPE="int" LENGTH="1" NOTNULL="true" DEFAULT="0" SEQUENCE="false"/>
        <FIELD NAME="reportcert" TYPE="int" LENGTH="1" NOTNULL="false" DEFAULT="0" SEQUENCE="false"/>
        <FIELD NAME="delivery" TYPE="int" LENGTH="1" NOTNULL="true" DEFAULT="0" SEQUENCE="false"/>
        <FIELD NAME="requiredtime" TYPE="int" LENGTH="10" NOTNULL="true" DEFAULT="0" SEQUENCE="false"/>
        <FIELD NAME="printqrcode" TYPE="int" LENGTH="1" NOTNULL="true" DEFAULT="1" SEQUENCE="false"/>
        <FIELD NAME="qrcodefirstpage" TYPE="int" LENGTH="1" NOTNULL="true" DEFAULT="0" SEQUENCE="false"/>
        <FIELD NAME="codex" TYPE="int" LENGTH="4" NOTNULL="true" DEFAULT="10" SEQUENCE="false"/>
        <FIELD NAME="codey" TYPE="int" LENGTH="4" NOTNULL="true" DEFAULT="10" SEQUENCE="false"/>
        <FIELD NAME="enablesecondpage" TYPE="int" LENGTH="1" NOTNULL="true" DEFAULT="0" SEQUENCE="false"/>
        <FIELD NAME="secondpagex" TYPE="int" LENGTH="4" NOTNULL="false" DEFAULT="10" SEQUENCE="false"/>
        <FIELD NAME="secondpagey" TYPE="int" LENGTH="4" NOTNULL="false" DEFAULT="50" SEQUENCE="false"/>
        <FIELD NAME="secondpagetext" TYPE="text" NOTNULL="false" SEQUENCE="false"/>
        <FIELD NAME="secondpagetextformat" TYPE="text" NOTNULL="false" SEQUENCE="false"/>
        <FIELD NAME="secondimage" TYPE="text" NOTNULL="false" SEQUENCE="false"/>
        <FIELD NAME="timestartdatefmt" TYPE="char" LENGTH="255" NOTNULL="false" SEQUENCE="false"/>
      </FIELDS>
      <KEYS>
        <KEY NAME="primary" TYPE="primary" FIELDS="id"/>
      </KEYS>
      <INDEXES>
        <INDEX NAME="course" UNIQUE="false" FIELDS="course"/>
      </INDEXES>
    </TABLE>
    <TABLE NAME="simplecertificate_issues" COMMENT="Issues of simplecertificate module">
      <FIELDS>
        <FIELD NAME="id" TYPE="int" LENGTH="10" NOTNULL="true" SEQUENCE="true"/>
        <FIELD NAME="certificateid" TYPE="int" LENGTH="10" NOTNULL="true" DEFAULT="0" SEQUENCE="false"/>
        <FIELD NAME="userid" TYPE="int" LENGTH="10" NOTNULL="true" DEFAULT="0" SEQUENCE="false"/>
        <FIELD NAME="certificatename" TYPE="text" NOTNULL="true" SEQUENCE="false"/>
        <FIELD NAME="code" TYPE="char" LENGTH="36" NOTNULL="true" SEQUENCE="false"/>
        <FIELD NAME="timecreated" TYPE="int" LENGTH="10" NOTNULL="true" DEFAULT="0" SEQUENCE="false"/>
        <FIELD NAME="timedeleted" TYPE="int" LENGTH="10" NOTNULL="false" SEQUENCE="false"/>
        <FIELD NAME="haschange" TYPE="int" LENGTH="1" NOTNULL="true" DEFAULT="0" SEQUENCE="false"/>
        <FIELD NAME="pathnamehash" TYPE="char" LENGTH="40" NOTNULL="true" SEQUENCE="false"/>
        <FIELD NAME="coursename" TYPE="char" LENGTH="255" NOTNULL="true" DEFAULT="--" SEQUENCE="false"/>
      </FIELDS>
      <KEYS>
        <KEY NAME="primary" TYPE="primary" FIELDS="id"/>
      </KEYS>
      <INDEXES>
        <INDEX NAME="certificate_user" UNIQUE="false" FIELDS="certificateid, userid"/>
      </INDEXES>
    </TABLE>
  </TABLES>
</XMLDB>